Changes made at Sat Aug  9 05:58:18 UTC 2025
Changes made at Thu Nov 20 14:17:19 UTC 2025
Changes made at Thu Nov 20 16:17:23 UTC 2025
Changes made at Fri Nov 21 08:19:12 UTC 2025
Changes made at Fri Nov 21 10:14:01 UTC 2025
Changes made at Fri Nov 21 14:13:24 UTC 2025
Changes made at Fri Nov 21 16:17:19 UTC 2025
Changes made at Sat Nov 22 08:16:28 UTC 2025
Changes made at Sat Nov 22 10:12:57 UTC 2025
Changes made at Sat Nov 22 14:10:51 UTC 2025
Changes made at Sat Nov 22 16:14:46 UTC 2025
Changes made at Sun Nov 23 08:16:23 UTC 2025
Changes made at Sun Nov 23 10:12:46 UTC 2025
Changes made at Sun Nov 23 14:11:10 UTC 2025
Changes made at Sun Nov 23 16:14:37 UTC 2025
Changes made at Mon Nov 24 08:20:10 UTC 2025
